{
  "_generated": "Generated by SweetTooth, do not edit",
  "description": "GNOME shell extension that puts the Window/App switcher on the active monitor (monitor with the cursor).\n\nThis extension is a fork of https://github.com/gedzeppelin/monitor-window-switcher that adds support for recent GNOME versions.",
  "name": "Window/App switcher on active monitor",
  "shell-version": [
    "3.34",
    "3.36",
    "3.38",
    "40",
    "41",
    "42",
    "43",
    "44"
  ],
  "url": "https://github.com/lepa22/window-app-switcher-on-active-monitor",
  "uuid": "window-app-switcher-on-active-monitor@NiKnights.com",
  "version": 4
}