<?xml version="1.0" encoding="UTF-8"?>
<schemalist>
  <schema id="org.gnome.shell.extensions.window-app-switcher-on-active-monitor" path="/org/gnome/shell/extensions/window-app-switcher-on-active-monitor/">
    <!-- See also: https://developer.gnome.org/glib/stable/gvariant-format-strings.html -->
    <key name="ws-current-monitor" type="b">
      <default>true</default>
    </key>

    <key name="ws-filter-monitor" type="b">
      <default>true</default>
    </key>

    
    <key name="as-current-monitor" type="b">
      <default>true</default>
    </key>

    <key name="as-filter-workspace" type="b">
      <default>true</default>
    </key>

    <key name="as-filter-monitor" type="b">
      <default>true</default>
    </key>
  </schema>
</schemalist>
