{
  "_generated": "Generated by SweetTooth, do not edit",
  "description": "Disables unredirect fullscreen windows in gnome-shell to workaround https://bugzilla.redhat.com/show_bug.cgi?id=767397 and https://bugzilla.gnome.org/show_bug.cgi?id=738719",
  "name": "Disable unredirect fullscreen windows",
  "original-authors": "Kazimieras Vaina",
  "shell-version": [
    "3.2",
    "3.4",
    "3.6",
    "3.8",
    "3.10",
    "3.12",
    "3.14",
    "3.16",
    "3.18",
    "3.20",
    "3.30",
    "3.32",
    "3.36",
    "3.38",
    "40",
    "41",
    "42",
    "43",
    "44"
  ],
  "url": "https://github.com/kazysmaster/gnome-shell-extension-disable-unredirect",
  "uuid": "unredirect@vaina.lt",
  "version": 7
}